{"appnews":{"appid":440,"newsitems":[{"gid":"3316234163932872071","title":"Operation Canteen Crasher!","url":"https://steamstore-a.akamaihd.net/news/externalpost/tf2_blog/3316234163932872071","is_external_url":true,"author":"","contents":"<a href=\"https://steamcommunity.com/groups/potatomvmservers#announcements/detail/2533733726690659777\"> </a> <a href=\"https://steamcommunity.com/groups/potatomvmservers#announcements/detail/2533733726690659777\" target=\"_blank\">Operation Canteen Crasher</a> is a new community Mann vs. Machine event brought you by the same group that hosted <a href=\"https://steamcommunity.com/groups/potatomvmservers#announcements/detail/1663388904536296299\" target=\"_blank\">Operation Titanium Tank</a>! This community-created event features 28 maps with 50 missions and new shiny medals! Complete the campaign and take home up to 5 in-game Canteen Crasher participan...","feedlabel":"TF2 Blog","date":1542738000,"feedname":"tf2_blog","feed_type":0,"appid":440},{"gid":"2403127338447896497","title":"Team Fortress 2 Update Released","url":"https://steamstore-a.akamaihd.net/news/externalpost/tf2_blog/2403127338447896497","is_external_url":true,"author":"","contents":"An update to Team Fortress 2 has been released. The update will be applied automatically when you restart Team Fortress 2. The major changes include: * Fixed XP-earned text being truncated for some clients ;* Fixed some missing particles when running in DirectX8 ;* Fixed the Athenian Attire not bein...","feedlabel":"TF2 Blog","date":1540923360,"feedname":"tf2_blog","feed_type":0,"appid":440},{"gid":"2403127338447872960","title":"Team Fortress 2 Update Released","url":"https://store.steampowered.com/news/45363/","is_external_url":false,"author":"Valve","contents":"An update to Team Fortress 2 has been released. The update will be applied automatically when you restart Team Fortress 2. The major changes include: * Fixed XP-earned text being truncated for some clients; * Fixed some missing particles when running in DirectX8; * Fixed the Athenian Attire not bein...","feedlabel":"Product Update","date":1540923360,"feedname":"steam_updates","feed_type":0,"appid":440},{"gid":"2403127338430027998","title":"Team Fortress 2 Update Released","url":"https://steamstore-a.akamaihd.net/news/externalpost/tf2_blog/2403127338430027998","is_external_url":true,"author":"","contents":"An update to Team Fortress 2 has been released. The update will be applied automatically when you restart Team Fortress 2. The major changes include: * Updated the Roaring Rockets unusual taunt particle effect ;* Updated the equip_region for the Earbuds ;* Updated the models for the TFNew tournament...","feedlabel":"TF2 Blog","date":1540494720,"feedname":"tf2_blog","feed_type":0,"appid":440},{"gid":"2403127338429999684","title":"Team Fortress 2 Update Released","url":"https://store.steampowered.com/news/45236/","is_external_url":false,"author":"Valve","contents":"An update to Team Fortress 2 has been released. The update will be applied automatically when you restart Team Fortress 2. The major changes include: * Updated the Roaring Rockets unusual taunt particle effect; * Updated the equip_region for the Earbuds; * Updated the models for the TFNew tournament...","feedlabel":"Product Update","date":1540494720,"feedname":"steam_updates","feed_type":0,"appid":440},{"gid":"2403127338429434053","title":"Team Fortress 2008 throwback mod Steam page removed (Updated)","url":"https://steamstore-a.akamaihd.net/news/externalpost/pcgamer/2403127338429434053","is_external_url":true,"author":"","contents":"<strong>Update: </strong>The Steam page for XYK&apos;s Team Fortress 2008 mod has been pulled. As reported by <a href=\"https://www.eurogamer.net/articles/2018-10-25-team-fortress-2008-mod-transports-tf2-back-in-time-and-its-coming-to-steam\" target=\"_blank\">Eurogamer</a>, a <a href=\"https://twitter.com/folyqaa/status/1055710419413807105\" target=\"_blank\">screenshot from the project&apos;s Discord</a> (also now shuttered) suggests Valve could not be convinced at this stage that the TF-2008 team has created a mod for the original game, and is &quot;no...","feedlabel":"PC Gamer","date":1540482175,"feedname":"pcgamer","feed_type":0,"appid":440},{"gid":"2403127338428683883","title":"Team Fortress 2 mod reverts the game to 2008 - and it's coming to Steam","url":"https://steamstore-a.akamaihd.net/news/externalpost/eurogamer/2403127338428683883","is_external_url":true,"author":"","contents":"<strong>UPDATE 26/10/18:</strong> All good things must come to an end, but it seems TF2008's end came particularly quickly, as the mod's newly-approved Steam page has now been removed. According to an email screenshot shared on the mod's Discord server, it appears Valve has U-turned on its decision to launch the mod...","feedlabel":"Eurogamer","date":1540464693,"feedname":"eurogamer","feed_type":0,"appid":440},{"gid":"2403126706534048982","title":"All of Halloween is happening in TF2 s Scream Fortress X","url":"https://steamstore-a.akamaihd.net/news/externalpost/rps/2403126706534048982","is_external_url":true,"author":"contact@rockpapershotgun.com (Matt Cox)","contents":"The thing about special Halloween game modes is that they&#8217;re fun for a round or two, then the novelty wears off. The thing about <a href=\"https://www.rockpapershotgun.com/game/team-fortress-2/\">Team Fortress 2</a>&#8216;s Halloween mode is that there are 18 of them. Ok, so only 5 of those are new &#8211; but you can also play the 13 previous Halloween events, w...","feedlabel":"Rock, Paper, Shotgun","date":1540295862,"feedname":"rps","feed_type":0,"appid":440},{"gid":"2403126706532334864","title":"Team Fortress 2 Update Released","url":"https://steamstore-a.akamaihd.net/news/externalpost/tf2_blog/2403126706532334864","is_external_url":true,"author":"","contents":"An update to Team Fortress 2 has been released. The update will be applied automatically when you restart Team Fortress 2. The major changes include: <b>The Insured Tank Update</b> * Fixed a common crash related to the Panzer Pants taunt ;* Fixed competitive match history failing to load ;* Fixed an issue ...","feedlabel":"TF2 Blog","date":1540254060,"feedname":"tf2_blog","feed_type":0,"appid":440},{"gid":"2403126706532311081","title":"Team Fortress 2 Update Released","url":"https://store.steampowered.com/news/45119/","is_external_url":false,"author":"Valve","contents":"An update to Team Fortress 2 has been released. The update will be applied automatically when you restart Team Fortress 2. The major changes include: <b>The Insured Tank Update</b> * Fixed a common crash related to the Panzer Pants taunt; * Fixed competitive match history failing to load; * Fixed an issue ...","feedlabel":"Product Update","date":1540254060,"feedname":"steam_updates","feed_type":0,"appid":440}],"count":2587}}